INSERT INTO students (Name, Gender, Year, Department_id, GPA, Attendance, Absence, Address, Phone) VALUES
('Ahmed Ali', 'Male', 3, 1, 3.5, 85, 15, 'Cairo, Egypt', '01010000001'),
('Sara Mohamed', 'Female', 2, 2, 3.8, 90, 10, 'Giza, Egypt', '01010000002'),
('Khaled Youssef', 'Male', 4, 3, 2.9, 80, 20, 'Alexandria, Egypt', '01010000003'),
('Fatma Hassan', 'Female', 1, 4, 3.7, 95, 5, 'Luxor, Egypt', '01010000004'),
('Omar Said', 'Male', 2, 2, 3.4, 88, 12, 'Aswan, Egypt', '01010000005'),
('Nourhan Adel', 'Female', 3, 3, 3.2, 85, 15, 'Port Said, Egypt', '01010000006'),
('Youssef Hatem', 'Male', 4, 1, 2.7, 75, 25, 'Suez, Egypt', '01010000007'),
('Mona Essam', 'Female', 1, 4, 3.9, 92, 8, 'Ismailia, Egypt', '01010000008'),
('Mohamed Sherif', 'Male', 3, 1, 3.6, 89, 11, 'Cairo, Egypt', '01010000009'),
('Laila Tarek', 'Female', 2, 2, 3.5, 87, 13, 'Giza, Egypt', '01010000010'),
('Hassan Mahmoud', 'Male', 4, 3, 2.8, 78, 22, 'Alexandria, Egypt', '01010000011'),
('Amina Khalil', 'Female', 1, 4, 3.8, 91, 9, 'Luxor, Egypt', '01010000012'),
('Ziad Gamal', 'Male', 3, 1, 3.4, 86, 14, 'Aswan, Egypt', '01010000013'),
('Dina Samir', 'Female', 2, 2, 3.6, 90, 10, 'Port Said, Egypt', '01010000014'),
('Mostafa Ibrahim', 'Male', 4, 3, 2.9, 77, 23, 'Suez, Egypt', '01010000015'),
('Hana Ahmed', 'Female', 1, 4, 3.7, 93, 7, 'Ismailia, Egypt', '01010000016'),
('Karim Rashed', 'Male', 3, 1, 3.3, 84, 16, 'Cairo, Egypt', '01010000017'),
('Yasmin Ehab', 'Female', 2, 2, 3.5, 89, 11, 'Giza, Egypt', '01010000018'),
('Wael Amr', 'Male', 4, 3, 2.6, 74, 26, 'Alexandria, Egypt', '01010000019'),
('Samar Fathy', 'Female', 1, 4, 3.9, 95, 5, 'Luxor, Egypt', '01010000020'),
('Ali Gamal', 'Male', 3, 1, 3.2, 83, 17, 'Cairo, Egypt', '01010000021'),
('Nadia Samir', 'Female', 2, 2, 3.7, 91, 9, 'Giza, Egypt', '01010000022'),
('Tamer Saeed', 'Male', 4, 3, 2.5, 73, 27, 'Alexandria, Egypt', '01010000023'),
('Reham Essam', 'Female', 1, 4, 3.8, 90, 10, 'Luxor, Egypt', '01010000024'),
('Hussein Yasser', 'Male', 3, 1, 3.1, 82, 18, 'Aswan, Egypt', '01010000025'),
('Mariam Hossam', 'Female', 2, 2, 3.6, 89, 11, 'Port Said, Egypt', '01010000026'),
('Bassam Khaled', 'Male', 4, 3, 2.7, 76, 24, 'Suez, Egypt', '01010000027'),
('Rana Adel', 'Female', 1, 4, 3.9, 94, 6, 'Ismailia, Egypt', '01010000028'),
('Othman Tariq', 'Male', 3, 1, 3.4, 85, 15, 'Cairo, Egypt', '01010000029'),
('Salma Nabil', 'Female', 2, 2, 3.5, 88, 12, 'Giza, Egypt', '01010000030'),
('Mahmoud Saleh', 'Male', 4, 3, 2.9, 79, 21, 'Alexandria, Egypt', '01010000031'),
('Noha Kamal', 'Female', 1, 4, 3.8, 92, 8, 'Luxor, Egypt', '01010000032'),
('Zaki Farouk', 'Male', 3, 1, 3.3, 84, 16, 'Aswan, Egypt', '01010000033'),
('Layla Shady', 'Female', 2, 2, 3.6, 90, 10, 'Port Said, Egypt', '01010000034'),
('Fady Samir', 'Male', 4, 3, 2.8, 78, 22, 'Suez, Egypt', '01010000035'),
('Maha Ashraf', 'Female', 1, 4, 3.7, 93, 7, 'Ismailia, Egypt', '01010000036'),
('Ramy Sayed', 'Male', 3, 1, 3.4, 85, 15, 'Cairo, Egypt', '01010000037'),
('Esraa Magdy', 'Female', 2, 2, 3.5, 87, 13, 'Giza, Egypt', '01010000038'),
('Hamza Reda', 'Male', 4, 3, 2.6, 74, 26, 'Alexandria, Egypt', '01010000039'),
('Lina Adel', 'Female', 1, 4, 3.9, 95, 5, 'Luxor, Egypt', '01010000040');


INSERT INTO Departments (Department_ID, Department_Name, Head_of_Department, No_of_Students, No_of_Instructors) VALUES
('IS001', 'IS', 'Dr.Sara Shehab', 254, 8),
('CS001', 'CS', 'Dr.Tarek mostafa', 243, 8),
('AI001', 'AI', 'Dr.Heba Askr', 246, 8),
('BIO001', 'BIO', 'Dr.Engy Shafeay', 257, 8),
('TOTAL', 4, 4, 1000, 32);

INSERT INTO Courses (Course_Name, Course_Level, Department_ID, Term) VALUES
('Statistics and Probability', 1, FLOOR(RAND() * 4) + 1, 1),
('Mathematics 1', 1, FLOOR(RAND() * 4) + 1, 1),
('English Language 1', 1, FLOOR(RAND() * 4) + 1, 1),
('Introduction to Computers', 1, FLOOR(RAND() * 4) + 1, 1),
('Fundamentals of Programming', 1, FLOOR(RAND() * 4) + 1, 1),
('Discrete Structures', 1, FLOOR(RAND() * 4) + 1, 1),
('Communication Skills', 1, FLOOR(RAND() * 4) + 1, 2),
('Principles of Economics', 1, FLOOR(RAND() * 4) + 1, 2),
('Principles of Management', 1, FLOOR(RAND() * 4) + 1, 2),
('Computer Ethics', 1, FLOOR(RAND() * 4) + 1, 2),
('Fundamentals of Networking', 1, FLOOR(RAND() * 4) + 1, 2),
('Technical and Scientific Report Writing', 1, FLOOR(RAND() * 4) + 1, 2),
('Mathematics 2', 2, FLOOR(RAND() * 4) + 1, 1),
('English Language 2', 2, FLOOR(RAND() * 4) + 1, 1),
('Operating Systems', 2, FLOOR(RAND() * 4) + 1, 1),
('Data Structures', 2, FLOOR(RAND() * 4) + 1, 1),
('Databases', 2, FLOOR(RAND() * 4) + 1, 1),
('Systems Analysis and Design', 2, FLOOR(RAND() * 4) + 1, 1),
('Software Engineering', 2, FLOOR(RAND() * 4) + 1, 2),
('Artificial Intelligence', 2, FLOOR(RAND() * 4) + 1, 2),
('Algorithms', 2, FLOOR(RAND() * 4) + 1, 2),
('Logic Design', 2, FLOOR(RAND() * 4) + 1, 2),
('Project Management', 2, FLOOR(RAND() * 4) + 1, 2),
('Principles of Cybersecurity', 2, FLOOR(RAND() * 4) + 1, 2),
('Knowledge-Based Systems', 3, FLOOR(RAND() * 4) + 1, 1),
('Machine Learning', 3, FLOOR(RAND() * 4) + 1, 1),
('Geographic Information Systems', 3, FLOOR(RAND() * 4) + 1, 1),
('Data Mining', 3, FLOOR(RAND() * 4) + 1, 2),
('Internet Applications', 3, FLOOR(RAND() * 4) + 1, 2),
('Information Centers Management', 3, FLOOR(RAND() * 4) + 1, 2),
('E-Commerce', 3, FLOOR(RAND() * 4) + 1, 1),
('Data Storage and Retrieval', 3, FLOOR(RAND() * 4) + 1, 1),
('Management Information Systems', 3, FLOOR(RAND() * 4) + 1, 1),
('Internet Information Systems', 3, FLOOR(RAND() * 4) + 1, 2),
('Intelligent Information Systems', 3, FLOOR(RAND() * 4) + 1, 2),
('Multimedia Information Systems', 3, FLOOR(RAND() * 4) + 1, 2);


INSERT INTO attendance (student_id, attendance_date, status) VALUES
(1016, '2025-01-01', 'Present'),
(1017, '2025-01-01', 'Absent'),
(1018, '2025-01-01', 'Present'),
(1019, '2025-01-01', 'Absent'),
(1020, '2025-01-01', 'Present'),
(1021, '2025-01-01', 'Absent'),
(1022, '2025-01-01', 'Present'),
(1023, '2025-01-01', 'Absent'),
(1024, '2025-01-01', 'Present'),
(1025, '2025-01-01', 'Absent'),
(1026, '2025-01-01', 'Present'),
(1027, '2025-01-01', 'Absent'),
(1028, '2025-01-01', 'Present'),
(1029, '2025-01-01', 'Absent'),
(1030, '2025-01-01', 'Present'),
(1031, '2025-01-01', 'Absent'),
(1032, '2025-01-01', 'Present'),
(1033, '2025-01-01', 'Absent');


INSERT INTO Instructors (Full_Name, Department_ID, Course_ID, Work_Days) VALUES
('Ahmed Mohamed Ali', 1, 97, 'Monday - Tuesday'),
('Mahmoud Hassan Ibrahim', 2, 98, 'Saturday - Sunday'),
('Khaled Omar Mostafa', 3, 99, 'Wednesday - Thursday'),
('Youssef Ibrahim Ahmed', 4, 100, 'Monday - Tuesday'),
('Ali Mahmoud Youssef', 1, 101, 'Saturday - Sunday'),
('Ibrahim Khaled Mohamed', 2, 102, 'Wednesday - Thursday'),
('Mohamed Ahmed Hassan', 3, 103, 'Wednesday - Thursday'),
('Mostafa Youssef Khaled', 4, 104, 'Wednesday - Thursday'),
('Hassan Ali Ibrahim', 1, 105, 'Monday - Tuesday'),
('Omar Mahmoud Ali', 2, 106, 'Saturday - Sunday'),
('Sami Ahmed Mostafa', 3, 107, 'Saturday - Sunday'),
('Youssef Khaled Mahmoud', 4, 108, 'Saturday - Sunday'),
('Ibrahim Ali Hassan', 1, 109, 'Saturday - Sunday'),
('Khaled Mohamed Youssef', 2, 110, 'Monday - Tuesday'),
('Ahmed Omar Ibrahim', 3, 111, 'Monday - Tuesday'),
('Fatima Mohamed Ali', 4, 112, 'Monday - Tuesday'),
('Mariam Hassan Ibrahim', 1, 113, 'Monday - Tuesday'),
('Sara Ahmed Mostafa', 2, 114, 'Wednesday - Thursday'),
('Aisha Youssef Khaled', 3, 115, 'Wednesday - Thursday'),
('Lina Ibrahim Ahmed', 4, 116, 'Wednesday - Thursday'),
('Yasmin Khaled Mahmoud', 1, 117, 'Wednesday - Thursday'),
('Dina Omar Hassan', 2, 118, 'Saturday - Sunday'),
('Rania Ahmed Youssef', 3, 119, 'Monday - Tuesday'),
('Huda Mostafa Ali', 4, 120, 'Wednesday - Thursday'),
('Eman Mohamed Elghrabawy', 1, 121, 'Wednesday - Thursday'),
('Asmaa Ahmed Fathy', 2, 97, 'Wednesday - Thursday'),
('Ebrahem Mahmoud Soliman', 3, 98, 'Monday - Tuesday'),
('Youssef Mohamed Sobhy', 4, 99, 'Wednesday - Thursday'),
('Ahmed Ali Hiussen', 1, 100, 'Wednesday - Thursday'),
('Mahmoud Mohamed Fadel', 2, 101, 'Saturday - Sunday'),
('Omar Youssef Ahmed', 3, 102, 'Monday - Tuesday'),
('Nour Hassan Ibrahim', 4, 103, 'Saturday - Sunday'),
('Salma Khaled Omar', 1, 104, 'Wednesday - Thursday'),
('Tarek Youssef Ibrahim', 2, 105, 'Monday - Tuesday'),
('Fady Ali Mahmoud', 3, 106, 'Saturday - Sunday'),
('Layla Ibrahim Khaled', 4, 107, 'Wednesday - Thursday'),
('Hisham Ahmed Mohamed', 1, 108, 'Wednesday - Thursday'),
('Amira Mostafa Youssef', 2, 109, 'Wednesday - Thursday'),
('Rami Hassan Ali', 3, 110, 'Monday - Tuesday'),
('Karim Omar Mahmoud', 4, 111, 'Saturday - Sunday'),
('Dalia Sami Ahmed', 1, 112, 'Saturday - Sunday'),
('Yasmine Khaled Youssef', 2, 113, 'Saturday - Sunday'),
('Hana Ibrahim Ali', 3, 114, 'Saturday - Sunday'),
('Mohamed Fathy Khaled', 4, 115, 'Monday - Tuesday'),
('Farida Ahmed Omar', 1, 116, 'Monday - Tuesday'),
('Samir Mohamed Ali', 2, 117, 'Monday - Tuesday'),
('Nadine Hassan Ibrahim', 3, 118, 'Monday - Tuesday'),
('Alaa Sara Mostafa', 4, 119, 'Wednesday - Thursday'),
('Ziad Aisha Youssef', 1, 120, 'Wednesday - Thursday'),
('Hussein Lina Ibrahim', 2, 121, 'Wednesday - Thursday'),
('Rana Yasmin Khaled', 3, 97, 'Wednesday - Thursday'),
('Adel Dina Omar', 4, 98, 'Saturday - Sunday'),
('Sohaila Rania Ahmed', 1, 99, 'Monday - Tuesday'),
('Omar Huda Mostafa', 2, 100, 'Wednesday - Thursday'),
('Hisham Eman Mohamed', 3, 101, 'Wednesday - Thursday'),
('Ayman Asmaa Ahmed', 4, 102, 'Wednesday - Thursday'),
('Maha Ebrahem Mahmoud', 1, 103, 'Monday - Tuesday'),
('Tamer Youssef Mohamed', 2, 104, 'Wednesday - Thursday'),
('Laila Ahmed Ali', 3, 105, 'Wednesday - Thursday'),
('Yasser Mahmoud Mohamed', 4, 106, 'Saturday - Sunday');


INSERT INTO attendance_of_instructors (instructor_id, date, status) VALUES
(31, '2025-01-01', 'Present'),
(32, '2025-01-01', 'Present'),
(33, '2025-01-01', 'Present'),
(34, '2025-01-01', 'Present'),
(35, '2025-01-01', 'Present'),
(36, '2025-01-01', 'Present'),
(37, '2025-01-01', 'Present'),
(38, '2025-01-01', 'Present'),
(39, '2025-01-01', 'Present'),
(40, '2025-01-01', 'Present'),
(41, '2025-01-01', 'Present'),
(42, '2025-01-01', 'Present'),
(43, '2025-01-01', 'Present'),
(44, '2025-01-01', 'Present'),
(45, '2025-01-01', 'Present'),
(46, '2025-01-01', 'Present'),
(47, '2025-01-01', 'Present'),
(48, '2025-01-01', 'Present'),
(49, '2025-01-01', 'Present'),
(50, '2025-01-01', 'Absent'),
(51, '2025-01-01', 'Absent'),
(52, '2025-01-01', 'Absent'),
(53, '2025-01-01', 'Absent'),
(54, '2025-01-01', 'Absent'),
(55, '2025-01-01', 'Absent'),
(31, '2025-01-01', 'Present'),
(32, '2025-01-01', 'Present'),
(33, '2025-01-01', 'Present'),
(34, '2025-01-01', 'Present'),
(35, '2025-01-01', 'Absent'),
(36, '2025-01-01', 'Absent');


INSERT INTO events (id, event_name, event_date) VALUES
(1, 'Start of Academic Year', '2024-10-01'),
(2, 'Midterm Exams Start', '2024-11-01'),
(3, 'Midterm Exams End', '2024-11-10'),
(4, 'Winter Break Start', '2024-12-20'),
(5, 'Winter Break End', '2025-01-10'),
(6, 'Second Semester Start', '2025-02-01'),
(7, 'Spring Break Start', '2025-04-01'),
(8, 'Spring Break End', '2025-04-10'),
(9, 'Final Exams Start', '2025-05-20'),
(10, 'Final Exams End', '2025-06-10');

INSERT INTO financial_reports (id, report_date, total_budget, expenses, revenue, event_id) VALUES
(1, '2024-01-31', 193354, 33530, 278544, 1),
(2, '2024-02-29', 70839, 49943, 103229, 2),
(3, '2024-03-31', 182269, 62939, 185789, 3),
(4, '2024-04-30', 191099, 78458, 276231, 4),
(5, '2024-05-31', 168074, 24488, 178506, 5),
(6, '2024-06-30', 114021, 57346, 265972, 6),
(7, '2024-07-31', 61634, 22119, 224654, 7),
(8, '2024-08-31', 177090, 25500, 198580, 8),
(9, '2024-09-30', 181998, 27385, 209779, 9),
(10, '2024-10-31', 122210, 98903, 128220, 10);
